{"1.0": {}, "1.5": {"3": 1, "2": -1}, "1.333333": {"2": 2, "3": -1}, "1.125": {"3": 2, "2": -3}, "1.25": {"5": 1, "2": -2}, "1.875": {"3": 1, "5": 1, "2": -3}, "1.666667": {"5": 1, "3": -1}, "1.40625": {"3": 2, "5": 1, "2": -5}, "1.6": {"2": 3, "5": -1}, "1.2": {"2": 1, "3": 1, "5": -1}, "1.066667": {"2": 4, "3": -1, "5": -1}, "1.8": {"3": 2, "5": -1}, "1.777778": {"2": 4, "3": -2}, "1.6875": {"3": 3, "2": -4}, "1.75": {"7": 1, "2": -2}, "1.3125": {"3": 1, "7": 1, "2": -4}, "1.142857": {"2": 3, "7": -1}, "1.714286": {"2": 2, "3": 1, "7": -1}, "1.285714": {"3": 2, "7": -1}, "1.52381": {"2": 5, "3": -1, "7": -1}, "1.166667": {"7": 1, "2": -1, "3": -1}, "1.96875": {"3": 2, "7": 1, "2": -5}, "1.09375": {"5": 1, "7": 1, "2": -5}, "1.640625": {"3": 1, "5": 1, "7": 1, "2": -6}, "1.05": {"3": 1, "7": 1, "2": -2, "5": -1}, "1.4": {"7": 1, "5": -1}, "1.458333": {"5": 1, "7": 1, "2": -3, "3": -1}, "1.866667": {"2": 2, "7": 1, "3": -1, "5": -1}, "1.555556": {"2": 1, "7": 1, "3": -2}, "1.230469": {"3": 2, "5": 1, "7": 1, "2": -8}, "1.575": {"3": 2, "7": 1, "2": -3, "5": -1}, "1.476562": {"3": 3, "7": 1, "2": -7}, "1.53125": {"7": 2, "2": -5}, "1.148438": {"3": 1, "7": 2, "2": -7}, "1.422222": {"2": 6, "3": -2, "5": -1}, "1.111111": {"2": 1, "5": 1, "3": -2}, "1.944444": {"5": 1, "7": 1, "2": -1, "3": -2}, "1.244444": {"2": 3, "7": 1, "3": -2, "5": -1}, "1.020833": {"7": 2, "2": -4, "3": -1}, "1.185185": {"2": 5, "3": -3}, "1.037037": {"2": 2, "7": 1, "3": -3}, "1.428571": {"2": 1, "5": 1, "7": -1}, "1.828571": {"2": 6, "5": -1, "7": -1}, "1.015873": {"2": 6, "3": -2, "7": -1}, "1.904762": {"2": 3, "5": 1, "3": -1, "7": -1}, "1.071429": {"3": 1, "5": 1, "2": -1, "7": -1}, "1.371429": {"2": 4, "3": 1, "5": -1, "7": -1}, "1.219048": {"2": 7, "3": -1, "5": -1, "7": -1}, "1.5625": {"5": 2, "2": -4}, "1.28": {"2": 5, "5": -2}, "1.375": {"11": 1, "2": -3}, "1.454545": {"2": 4, "11": -1}, "1.625": {"13": 1, "2": -3}, "1.230769": {"2": 4, "13": -1}, "1.03125": {"3": 1, "11": 1, "2": -5}, "1.833333": {"11": 1, "2": -1, "3": -1}, "1.090909": {"2": 2, "3": 1, "11": -1}, "1.939394": {"2": 6, "3": -1, "11": -1}, "1.041667": {"5": 2, "2": -3, "3": -1}, "1.171875": {"3": 1, "5": 2, "2": -6}, "1.706667": {"2": 7, "3": -1, "5": -2}, "1.92": {"2": 4, "3": 1, "5": -2}, "1.21875": {"3": 1, "13": 1, "2": -5}, "1.083333": {"13": 1, "2": -2, "3": -1}, "1.846154": {"2": 3, "3": 1, "13": -1}, "1.641026": {"2": 6, "3": -1, "13": -1}, "1.0625": {"17": 1, "2": -4}, "1.882353": {"2": 5, "17": -1}, "1.1875": {"19": 1, "2": -4}, "1.684211": {"2": 5, "19": -1}, "1.203125": {"7": 1, "11": 1, "2": -6}, "1.272727": {"2": 1, "7": 1, "11": -1}, "1.71875": {"5": 1, "11": 1, "2": -5}, "1.1": {"11": 1, "2": -1, "5": -1}, "1.818182": {"2": 2, "5": 1, "11": -1}, "1.163636": {"2": 6, "5": -1, "11": -1}, "1.054687": {"3": 3, "5": 1, "2": -7}, "1.35": {"3": 3, "2": -2, "5": -1}, "1.59375": {"3": 1, "17": 1, "2": -5}, "1.411765": {"2": 3, "3": 1, "17": -1}, "1.416667": {"17": 1, "2": -2, "3": -1}, "1.254902": {"2": 6, "3": -1, "17": -1}, "1.4375": {"23": 1, "2": -4}, "1.391304": {"2": 5, "23": -1}, "1.896296": {"2": 8, "3": -3, "5": -1}, "1.481481": {"2": 3, "5": 1, "3": -3}, "1.583333": {"19": 1, "2": -2, "3": -1}, "1.78125": {"3": 1, "19": 1, "2": -5}, "1.122807": {"2": 6, "3": -1, "19": -1}, "1.263158": {"2": 3, "3": 1, "19": -1}, "1.546875": {"3": 2, "11": 1, "2": -6}, "1.222222": {"11": 1, "3": -2}, "1.289063": {"3": 1, "5": 1, "11": 1, "2": -7}, "1.145833": {"5": 1, "11": 1, "2": -4, "3": -1}, "1.65": {"3": 1, "11": 1, "2": -2, "5": -1}, "1.466667": {"2": 1, "11": 1, "3": -1, "5": -1}, "1.804688": {"3": 1, "7": 1, "11": 1, "2": -7}, "1.604167": {"7": 1, "11": 1, "2": -4, "3": -1}, "1.571429": {"11": 1, "7": -1}, "1.636364": {"2": 1, "3": 2, "11": -1}, "1.292929": {"2": 7, "3": -2, "11": -1}, "1.580247": {"2": 7, "3": -4}, "1.212121": {"2": 3, "5": 1, "3": -1, "11": -1}, "1.551515": {"2": 8, "3": -1, "5": -1, "11": -1}, "1.363636": {"3": 1, "5": 1, "11": -1}, "1.745455": {"2": 5, "3": 1, "5": -1, "11": -1}, "1.69697": {"2": 3, "7": 1, "3": -1, "11": -1}, "1.909091": {"3": 1, "7": 1, "11": -1}, "1.265625": {"3": 4, "2": -6}, "1.662338": {"2": 7, "7": -1, "11": -1}, "1.015625": {"5": 1, "13": 1, "2": -6}, "1.3": {"13": 1, "2": -1, "5": -1}, "1.538462": {"2": 2, "5": 1, "13": -1}, "1.969231": {"2": 7, "5": -1, "13": -1}, "1.421875": {"7": 1, "13": 1, "2": -6}, "1.076923": {"2": 1, "7": 1, "13": -1}, "1.12": {"2": 2, "7": 1, "5": -2}, "1.367188": {"5": 2, "7": 1, "2": -7}, "1.078125": {"3": 1, "23": 1, "2": -6}, "1.916667": {"23": 1, "2": -2, "3": -1}, "1.043478": {"2": 3, "3": 1, "23": -1}, "1.855072": {"2": 7, "3": -1, "23": -1}, "1.306122": {"2": 6, "7": -2}, "1.828125": {"3": 2, "13": 1, "2": -6}, "1.444444": {"13": 1, "3": -2}, "1.523437": {"3": 1, "5": 1, "13": 1, "2": -7}, "1.354167": {"5": 1, "13": 1, "2": -4, "3": -1}, "1.95": {"3": 1, "13": 1, "2": -2, "5": -1}, "1.733333": {"2": 1, "13": 1, "3": -1, "5": -1}, "1.066406": {"3": 1, "7": 1, "13": 1, "2": -8}, "1.895833": {"7": 1, "13": 1, "2": -4, "3": -1}, "1.384615": {"2": 1, "3": 2, "13": -1}, "1.094017": {"2": 7, "3": -2, "13": -1}, "1.153846": {"3": 1, "5": 1, "13": -1}, "1.025641": {"2": 3, "5": 1, "3": -1, "13": -1}, "1.476923": {"2": 5, "3": 1, "5": -1, "13": -1}, "1.312821": {"2": 8, "3": -1, "5": -1, "13": -1}, "1.615385": {"3": 1, "7": 1, "13": -1}, "1.435897": {"2": 3, "7": 1, "3": -1, "13": -1}, "1.388889": {"5": 2, "2": -1, "3": -2}, "1.757812": {"3": 2, "5": 2, "2": -7}, "1.269841": {"2": 4, "5": 1, "3": -2, "7": -1}, "1.607143": {"3": 2, "5": 1, "2": -2, "7": -1}, "1.328125": {"5": 1, "17": 1, "2": -6}, "1.176471": {"2": 2, "5": 1, "17": -1}, "1.028571": {"2": 2, "3": 2, "5": -1, "7": -1}, "1.44": {"2": 2, "3": 2, "5": -2}, "1.625397": {"2": 9, "3": -2, "5": -1, "7": -1}, "1.137778": {"2": 8, "3": -2, "5": -2}, "1.7": {"17": 1, "2": -1, "5": -1}, "1.505882": {"2": 7, "5": -1, "17": -1}, "1.857143": {"13": 1, "7": -1}, "1.406593": {"2": 7, "7": -1, "13": -1}, "1.354497": {"2": 8, "3": -3, "7": -1}, "1.928571": {"3": 3, "2": -1, "7": -1}, "1.959184": {"2": 5, "3": 1, "7": -2}, "1.741497": {"2": 8, "3": -1, "7": -2}, "1.246753": {"2": 5, "3": 1, "7": -1, "11": -1}, "1.108225": {"2": 8, "3": -1, "7": -1, "11": -1}, "1.178571": {"3": 1, "11": 1, "2": -2, "7": -1}, "1.047619": {"2": 1, "11": 1, "3": -1, "7": -1}, "1.785714": {"5": 2, "2": -1, "7": -1}, "1.462857": {"2": 8, "5": -2, "7": -1}, "1.392857": {"3": 1, "13": 1, "2": -2, "7": -1}, "1.238095": {"2": 1, "13": 1, "3": -1, "7": -1}, "1.054945": {"2": 5, "3": 1, "7": -1, "13": -1}, "1.875458": {"2": 9, "3": -1, "7": -1, "13": -1}, "1.484375": {"5": 1, "19": 1, "2": -6}, "1.9": {"19": 1, "2": -1, "5": -1}, "1.052632": {"2": 2, "5": 1, "19": -1}, "1.347368": {"2": 7, "5": -1, "19": -1}, "1.195312": {"3": 2, "17": 1, "2": -7}, "1.888889": {"17": 1, "3": -2}, "1.859375": {"7": 1, "17": 1, "2": -6}, "1.214286": {"17": 1, "2": -1, "7": -1}, "1.992187": {"3": 1, "5": 1, "17": 1, "2": -7}, "1.770833": {"5": 1, "17": 1, "2": -4, "3": -1}, "1.275": {"3": 1, "17": 1, "2": -3, "5": -1}, "1.133333": {"17": 1, "3": -1, "5": -1}, "1.058824": {"2": 1, "3": 2, "17": -1}, "1.673203": {"2": 8, "3": -2, "17": -1}, "1.764706": {"2": 1, "3": 1, "5": 1, "17": -1}, "1.568627": {"2": 4, "5": 1, "3": -1, "17": -1}, "1.129412": {"2": 5, "3": 1, "5": -1, "17": -1}, "1.003922": {"2": 8, "3": -1, "5": -1, "17": -1}, "1.647059": {"2": 2, "7": 1, "17": -1}, "1.07563": {"2": 7, "7": -1, "17": -1}, "1.025391": {"3": 1, "5": 2, "7": 1, "2": -9}, "1.822917": {"5": 2, "7": 1, "2": -5, "3": -1}, "1.190476": {"5": 2, "3": -1, "7": -1}}
